{
    "id": "5ae97e2db8b9982a95b07415",
    "namespace": "assets.nodes",
    "fields": {
        "owner_id": {
            "valid": {
                "%or": [
                    {
                        "%%prev": "%%user.id"
                    },
                    {
                        "%%prev": {
                            "%exists": false
                        }
                    }
                ]
            }
        }
    },
    "other_fields": {},
    "write": {
        "owner_id": "%%user.id"
    },
    "read": {}
}