{
    "id": "5a5c82748f25b906c03ed6d6",
    "namespace": "assets.nodes",
    "filters": [
        {
            "match_expression": {
                "owner_id": "%%user.id"
            },
            "when": {
                "%%true": true
            }
        }
    ],
    "fields": {
        "owner_id": {
            "valid": {
                "%or": [
                    {
                        "%%prev": "%%user.id"
                    },
                    {
                        "%%prev": {
                            "%exists": false
                        }
                    }
                ]
            }
        }
    },
    "other_fields": {},
    "write": {
        "owner_id": "%%user.id"
    },
    "read": {
        "owner_id": "%%user.id"
    }
}