{
    "id": "5ae97e2db8b9982a95b07417",
    "database": "transactions",
    "collection": "approved_transactions",
    "filters": [
        {
            "name": "filter-0",
            "query": {
                "%%true": true
            },
            "apply_when": {
                "%%true": true
            }
        }
    ],
    "roles": [
        {
            "name": "default",
            "apply_when": {
                "%%true": true
            },
            "fields": {
                "owner_id": {}
            },
            "read": {
                "owner_id": "%%user.id"
            },
            "write": {
                "owner_id": "%%user.id"
            },
            "insert": {
                "owner_id": "%%user.id"
            },
            "delete": {
                "owner_id": "%%user.id"
            },
            "additional_fields": {}
        }
    ],
    "schema": {
        "properties": {
            "owner_id": {
                "validate": {
                    "%or": [
                        {
                            "%%prev": "%%user.id"
                        },
                        {
                            "%%prev": {
                                "%exists": false
                            }
                        }
                    ]
                }
            }
        }
    }
}
