{
    "id": "5af83923cfb7376791871637",
    "namespace": "transactions.profiles",
    "fields": {
        "DOB": {
            "read": {
                "%or": [
                    {
                        "%%root.owner_id": "%%user.id"
                    },
                    {
                        "%%root.identity_verification_log.transaction_details.assets_shared": "DOB"
                    }
                ]
            }
        },
        "assets_range": {
            "read": {
                "%or": [
                    {
                        "%%root.owner_id": "%%user.id"
                    },
                    {
                        "%%root.identity_verification_log.transaction_details.assets_shared": "assets_range"
                    }
                ]
            }
        },
        "credit_score": {
            "read": {
                "%or": [
                    {
                        "%%root.owner_id": "%%user.id"
                    },
                    {
                        "%%root.identity_verification_log.transaction_details.assets_shared": "credit_score"
                    }
                ]
            }
        },
        "owner_id": {
            "valid": {
                "%or": [
                    {
                        "%%prev": "%%user.id"
                    },
                    {
                        "%%prev": {
                            "%exists": false
                        }
                    }
                ]
            }
        },
        "user_data": {
            "other_fields": {},
            "read": {
                "%or": [
                    {
                        "%%root.owner_id": "%%user.id"
                    },
                    {
                        "%%root.identity_verification_log.transaction_details.assets_shared": "user_data"
                    }
                ]
            }
        },
        "user_id": {
            "read": {}
        }
    },
    "other_fields": {
        "read": {
            "%%root.owner_id": "%%user.id"
        }
    },
    "write": {
        "owner_id": "%%user.id"
    }
}