{
    "id": "5b058359b8b99879d25b01ce",
    "namespace": "transactions.logins_4_chain",
    "filters": [
        {
            "match_expression": {},
            "when": {
                "%%true": true
            }
        }
    ],
    "fields": {
        "owner_id": {
            "valid": {
                "%or": [
                    {
                        "%%prev": "%%user.id"
                    },
                    {
                        "%%prev": {
                            "%exists": false
                        }
                    }
                ]
            }
        }
    },
    "other_fields": {},
    "write": {},
    "read": {}
}