{
    "id": "5ae97e2db8b9982a95b07419",
    "database": "transactions",
    "collection": "pending_blocks",
    "filters": [
        {
            "name": "filter-0",
            "query": {},
            "apply_when": {}
        }
    ],
    "roles": [
        {
            "name": "default",
            "apply_when": {
                "%%true": true
            },
            "fields": {
                "approvals": {
                    "write": {
                        "%or": [
                            {
                                "%%prevRoot.previousHash": "000000000000000000000000000"
                            },
                            {
                                "%%user.id": {
                                    "%ne": "%%prev"
                                }
                            }
                        ]
                    }
                },
                "approvedByMajority": {
                    "write": {
                        "%or": [
                            {
                                "%%this": false
                            },
                            {
                                "%%prevRoot.previousHash": "000000000000000000000000000"
                            },
                            {
                                "%and": [
                                    {
                                        "%%true": {
                                            "%function": {
                                                "arguments": [
                                                    "%%root"
                                                ],
                                                "name": "approvedByMajority"
                                            }
                                        }
                                    },
                                    {
                                        "%%true": {
                                            "%function": {
                                                "arguments": [
                                                    "%%user.id"
                                                ],
                                                "name": "isValidNode"
                                            }
                                        }
                                    }
                                ]
                            }
                        ]
                    }
                },
                "owner_id": {
                    "write": {
                        "%%this": "%%user.id"
                    }
                }
            },
            "read": true,
            "insert": true,
            "additional_fields": {
                "write": true
            }
        }
    ],
    "schema": {
        "properties": {
            "owner_id": {},
            "approvals": {},
            "approvedByMajority": {}
        }
    }
}
