{
    "id": "5af83923cfb7376791871637",
    "database": "transactions",
    "collection": "profiles",
    "roles": [
        {
            "name": "default",
            "apply_when": {
                "%%true": true
            },
            "fields": {
                "DOB": {
                    "read": {
                        "%or": [
                            {
                                "%%root.owner_id": "%%user.id"
                            },
                            {
                                "%%root.identity_verification_log.transaction_details.assets_shared": "DOB"
                            }
                        ]
                    }
                },
                "assets_range": {
                    "read": {
                        "%or": [
                            {
                                "%%root.owner_id": "%%user.id"
                            },
                            {
                                "%%root.identity_verification_log.transaction_details.assets_shared": "assets_range"
                            }
                        ]
                    }
                },
                "credit_score": {
                    "read": {
                        "%or": [
                            {
                                "%%root.owner_id": "%%user.id"
                            },
                            {
                                "%%root.identity_verification_log.transaction_details.assets_shared": "credit_score"
                            }
                        ]
                    }
                },
                "owner_id": {},
                "user_data": {
                    "additional_fields": {},
                    "read": {
                        "%or": [
                            {
                                "%%root.owner_id": "%%user.id"
                            },
                            {
                                "%%root.identity_verification_log.transaction_details.assets_shared": "user_data"
                            }
                        ]
                    }
                },
                "user_id": {
                    "read": true
                }
            },
            "write": {
                "owner_id": "%%user.id"
            },
            "insert": {
                "owner_id": "%%user.id"
            },
            "delete": {
                "owner_id": "%%user.id"
            },
            "additional_fields": {
                "read": {
                    "%%root.owner_id": "%%user.id"
                }
            }
        }
    ],
    "schema": {
        "properties": {
            "owner_id": {
                "validate": {
                    "%or": [
                        {
                            "%%prev": "%%user.id"
                        },
                        {
                            "%%prev": {
                                "%exists": false
                            }
                        }
                    ]
                }
            },
            "user_data": {
                "properties": {}
            },
            "user_id": {},
            "DOB": {},
            "assets_range": {},
            "credit_score": {}
        }
    }
}
