{
    "id": "5b058359b8b99879d25b01ce",
    "database": "transactions",
    "collection": "logins_4_chain",
    "filters": [
        {
            "name": "filter-0",
            "query": {},
            "apply_when": {
                "%%true": true
            }
        }
    ],
    "roles": [
        {
            "name": "default",
            "apply_when": {
                "%%true": true
            },
            "fields": {
                "owner_id": {}
            },
            "read": true,
            "write": true,
            "insert": {},
            "delete": {},
            "additional_fields": {}
        }
    ],
    "schema": {
        "properties": {
            "owner_id": {
                "validate": {
                    "%or": [
                        {
                            "%%prev": "%%user.id"
                        },
                        {
                            "%%prev": {
                                "%exists": false
                            }
                        }
                    ]
                }
            }
        }
    }
}
