{
    "id": "5ae97e2db8b9982a95b07419",
    "namespace": "transactions.pending_blocks",
    "filters": [
        {
            "match_expression": {},
            "when": {}
        }
    ],
    "fields": {
        "approvals": {
            "write": {
                "%or": [
                    {
                        "%%prevRoot.previousHash": "000000000000000000000000000"
                    },
                    {
                        "%%user.id": {
                            "%ne": "%%prev"
                        }
                    }
                ]
            }
        },
        "approvedByMajority": {
            "write": {
                "%or": [
                    {
                        "%%this": false
                    },
                    {
                        "%%prevRoot.previousHash": "000000000000000000000000000"
                    },
                    {
                        "%and": [
                            {
                                "%%true": {
                                    "%function": {
                                        "arguments": [
                                            "%%root"
                                        ],
                                        "name": "approvedByMajority"
                                    }
                                }
                            },
                            {
                                "%%true": {
                                    "%function": {
                                        "arguments": [
                                            "%%user.id"
                                        ],
                                        "name": "isValidNode"
                                    }
                                }
                            }
                        ]
                    }
                ]
            }
        },
        "owner_id": {
            "write": {
                "%%this": "%%user.id"
            }
        }
    },
    "other_fields": {
        "write": {}
    },
    "read": {}
}