{
    "id": "5a5c7601cfb7375e95ee809e",
    "namespace": "transactions.blockchain",
    "filters": [
        {
            "match_expression": {},
            "when": {}
        }
    ],
    "fields": {
        "owner_id": {
            "valid": {
                "%or": [
                    {
                        "%%prev": "%%user.id"
                    },
                    {
                        "%%prev": {
                            "%exists": false
                        }
                    }
                ]
            }
        }
    },
    "other_fields": {},
    "write": {
        "%or": [
            {
                "%%this.previousHash": "000000000000000000000000000"
            },
            {
                "%and": [
                    {
                        "%%true": {
                            "%function": {
                                "arguments": [],
                                "name": "approvedByMajority"
                            }
                        }
                    },
                    {
                        "%%true": {
                            "%function": {
                                "arguments": [
                                    "%%this"
                                ],
                                "name": "validBlock"
                            }
                        }
                    }
                ]
            }
        ]
    },
    "read": {}
}